address,amount,memo
bchtest:qqdw4gywedvngmkk4j06mc52jrtt6n3tqg5hlz2wc7,1000,recipient-1
bchtest:qrvnhmtuyl2kfla3c6pvwegyquf99v050ugfudtx74,1100,recipient-2
bchtest:qz4s2yx8hs9fqcgqd062z6kx3qpsylnae5nywyeuyv,1200,recipient-3
bchtest:qzuwen870ynwgya7a3hkmwmcyrw00m9wmv8zvp0py8,1300,recipient-4
bchtest:qqwap9eu4znsrq8umhl7mlcuntfcnf8lyc7njsnlsc,1400,recipient-5
bchtest:qz6yc2tlavwcdmyug6kfrz5jl3grh6lgx5au20weq9,1500,recipient-6
bchtest:qp97vdcmvusajvdc9wa8fnn5ecqq5gmwjuujpnm2ej,1600,recipient-7
bchtest:qprfprv87zvpsfg58rlzak580tm3krh7ws57fghpm0,1700,recipient-8
bchtest:qpm2kfgpngzykm4px04gghuzq6vrppl4r5c8352yu2,1800,recipient-9
bchtest:qr8jfjf86n078f5ezqfalmcyyxl6d4zvr5dj4g4msd,1900,recipient-10
bchtest:qrvsh39g5ryx9za9qut8uh5l3w6qk7w0tg4dlthh2e,2000,recipient-11
bchtest:qrqmd6nzplpcmle3q4erpyz0fuktaz7hs5jsfdgm5e,2100,recipient-12
bchtest:qq37whd5gtfy6nwdndmt6cwyr0zg6r62sszl4gyfek,2200,recipient-13
bchtest:qpamtem8upxadtvh6k8p2yvlfxrhf74vvgrrcqa9ze,2300,recipient-14
bchtest:qrfxwg7pvx7nzjfmauae3zydku56rfy0kc4jess04a,2400,recipient-15
bchtest:qrw9n0p50uvfjf2rd3mr2lu37m6kw7ljks8marxrga,2500,recipient-16
bchtest:qrftw0xgslvps5t39j60xe2qxg8u7khway7jqeynec,2600,recipient-17
bchtest:qpqcqswtfd3rt7zw5f853nczuc2fnwfd9crzcvxcjw,2700,recipient-18
bchtest:qrm24jmde23j32mf5v66jy3dkg8vrhuztgct5y9xra,2800,recipient-19
bchtest:qpn2kw38zgpcxacd2dya740ncz6r3d2f2vsug0mfs6,2900,recipient-20
bchtest:qr33l6vc7jpd00sewmu33fsp0tmrw5w2xy9k7nrk97,3000,recipient-21
bchtest:qqesppulqzyuys7d05gg478p9p7hn4rl2yn777dej8,3100,recipient-22
bchtest:qz7xlj8yhgnkjnqk0wr8nkp4jldkn9fqcysnsjwmhz,3200,recipient-23
bchtest:qrf4sx4gczpesr55sw4q0js4lmy30tyrss2fk5nrzc,3300,recipient-24
bchtest:qrjf6gydwv7c8ufna7kff8nyn5mh5dz39vl9jrhhe7,3400,recipient-25
bchtest:qpjn52rt329t5gf00fuqymkdxep58p7u05p6fqs845,3500,recipient-26
bchtest:qpntjeucsprp0w7c0qxsu3ywasn7r8md0yadpx7uc2,3600,recipient-27
bchtest:qz9cwk29g2seq7wr8fsuqxrdjnag7lshn5s083sv5m,3700,recipient-28
bchtest:qrd2srhedjwh56qx4f52j07t9as3wc5urqqmeykvws,3800,recipient-29
bchtest:qq0gwylxzpa3ks0r86mam5z7ju9t5j5m3yqpj9jypm,3900,recipient-30
